nom_fichier,time,value,sol,obj_bound,gap
                              ,0.0,                              ,                              ,0.0,0.0
100_kroA_3.tsp,120.244,2.8717214422742687e6,"[7, 9, 10, 11, 16, 17, 31, ...",141271.35364853864,0.9508060386467504
100_kroA_6.tsp,120.82200002670288,1.4033546920544147e6,"[4, 9, 25, 40, 44, 51, 57, ...",35012.05605714247,0.9750511711291695
100_kroA_9.tsp,121.13800001144409,5.234109136813928e7,"[8, 19, 23, 29, 58, 74, 80,...",0.0,1.0
10_ulysses_3.tsp,0.06300020217895508,136.99527629589417,"[4, 6, 7, 8][5, 9][1, 2, 3,...",136.99527629589417,0.0
