nom_fichier,time,value,sol,obj_bound,gap
                              ,0,                              ,                                                                                                                                                                                                        ,0,0
10_ulysses_3.tsp,0.685999870300293,136.99527629589417,"[4, 6, 7, 8][5, 9][1, 2, 3, 10]",136.99527629589417,0.0
