nom_fichier,time,value,sol,obj_bound,gap
                              ,0.0,                              ,                              ,0,0
100_kroA_3.tsp,119.00300002098083,2.4865755e6 / 1.8290979e6,"[71, 21, 25, 93, 67, 61, 14...",None,None
100_kroA_6.tsp,119.03400015830994,1.1491333e6 / 791962.86,"[71, 91, 1, 62, 94, 28, 81,...",None,None
100_kroA_9.tsp,119.05800008773804,683073.0 / 484509.8,"[77, 7, 27, 85, 55, 57, 35,...",None,None
