nom_fichier,time,value,sol,obj_bound,gap
                              ,0.0,                              ,                              ,0.0,0.0
100_kroA_3.tsp,122.934,1.903139880885937e6,"[1, 2, 3, 5, 7, 9, 10, 12, ...",59445.29025176145,0.9687646237416406
100_kroA_6.tsp,121.5460000038147,1.354696281084647e6,"[1, 2, 5, 12, 17, 45, 56, 6...",0.0,1.0
100_kroA_9.tsp,121.67799997329712,890960.0387209854,"[13, 26, 48, 74, 94, 95, 99...",0.0,0.9999999999999999
