nom_fichier,time,value,sol,obj_bound,gap
                              ,0.0,                              ,                                                                                                                                                                                                        ,0.0,0.0
10_ulysses_3.tsp,5.323,136.99527629589414,"[1, 2, 3, 10][4, 6, 7, 8][5, 9]",136.99527629589414,0.0
10_ulysses_6.tsp,4.93,55.11939124322688,"[6, 9][5][1, 4, 8][2, 3][10][7]",55.11939124322688,0.0
14_burma_3.tsp,10.660000085830688,93.3899872599682,"[1, 8, 9, 10, 11][3, 4, 5, 6, 7][2, 12, 13, 14]",93.3899872599682,0.0
