nom_fichier,time,value,sol,obj_bound,gap
                              ,0,                              ,                                                                                                                                                                                                        ,0,0
10_ulysses_3.tsp,4.54200005531311,54.354823587721164,"[1, 5, 8][2, 3, 4][6, 7, 9, 10]",54.354823587721164,0.0
