nom_fichier,time,value,sol,obj_bound,gap
                              ,0.0,                              ,                              ,0.0,0.0
100_kroA_3.tsp,120.197,2.1273752538849534e6,"[1, 4, 10, 17, 18, 19, 21, ...",72286.71491489626,0.9660207033136781
100_kroA_6.tsp,120.76699995994568,721762.908750965,"[3, 7, 9, 12, 14, 20, 27, 3...",7123.403807419225,0.9901305487978779
100_kroA_9.tsp,120.58700013160706,507717.1595593813,"[33, 36, 40, 84, 96][10, 11...",802.3552118427449,0.9984196807282638
10_ulysses_3.tsp,0.05500006675720215,54.354823587721164,"[1, 5, 8][2, 3, 4][6, 7, 9,...",54.354823587721164,0.0
